[{"main-sidebar":["woocommerce_price_filter-2","woocommerce_product_categories-2","my_postwidget-7"],"header-sidebar":["social_networks-2"],"cart-holder":["woocommerce_widget_cart-2"],"footer-sidebar-1":["woocommerce_products-2"],"footer-sidebar-2":["woocommerce_top_rated_products-2"],"footer-sidebar-3":["text-6"],"footer-sidebar-4":["widget_cherry_vcard-2"]},{"woocommerce_price_filter":{"2":{"title":"Filter by price"},"_multiwidget":null},"woocommerce_product_categories":{"2":{"title":"Product Categories","orderby":"name","dropdown":0,"count":0,"hierarchical":"1","show_children_only":0},"_multiwidget":null},"my_postwidget":{"7":{"title":"Recent posts","category":"","post_format":"post-format-standard","sort_by":"date","count":"3","excerpt_count":"10","linktext":"","linkurl":""},"_multiwidget":null},"social_networks":{"2":{"title":"","facebook":"#","facebook_label":"","twitter":"#","twitter_label":"","flickr":"","flickr_label":"","feed":"#","feed_label":"","linkedin":"","linkedin_label":"","delicious":"","delicious_label":"","youtube":"","youtube_label":"","google":"","google_label":"","display":"icons"},"_multiwidget":null},"woocommerce_widget_cart":{"2":{"title":".","hide_if_empty":0},"_multiwidget":null},"woocommerce_products":{"2":{"title":"ON SALE!","number":"2","show":"","orderby":"date","order":"asc","hide_free":0,"show_hidden":0},"_multiwidget":null},"woocommerce_top_rated_products":{"2":{"title":"Recent products reviews","number":"2"},"_multiwidget":null},"text":{"6":{"title":"About us","text":"The Boston Digital Research Group \"BODRAG\" is a thriving software development company located just outside of Boston Massachusetts, USA.\r\n\r\nWith more than 20 years experience in the development of quality software products, we specialize in creating applications that simplify and optimize computer usage for our customers.\r\n\r\nWe're a customer-driven company, if you have ideas on making our products better - please let us know.\r\n","filter":false},"_multiwidget":null},"widget_cherry_vcard":{"2":{"title":"","street_address":"131 Daniel Webster HWY #317 ","locality":"Nashua, NH 03060","region":"Nashua","postal_code":"","tel":"","email":"E-mail office@bodrag.com","gmap_disable":"on","gmap_html":"","gmap_width":null,"gmap_height":null,"meta_format":"none"},"_multiwidget":null}},{"widget_rules_type":[{"woocommerce_widget_cart-2":"all","woocommerce_price_filter-2":"all","social_networks-2":"all","woocommerce_products-2":"all","text-6":"all","woocommerce_top_rated_products-2":"all","widget_cherry_vcard-2":"all"}],"widget_rules":[{"woocommerce_widget_cart-2":"","woocommerce_price_filter-2":"","social_networks-2":"","woocommerce_products-2":"","text-6":"","woocommerce_top_rated_products-2":"","widget_cherry_vcard-2":""}],"widget_custom_class":[{"woocommerce_widget_cart-2":"","woocommerce_price_filter-2":"","social_networks-2":"","woocommerce_products-2":"","text-6":"","woocommerce_top_rated_products-2":"","widget_cherry_vcard-2":""}],"widget_users":[{"woocommerce_widget_cart-2":"all","woocommerce_price_filter-2":"all","social_networks-2":"all","woocommerce_products-2":"all","text-6":"all","woocommerce_top_rated_products-2":"all","widget_cherry_vcard-2":"all"}]}]